{
  "totals": {
    "both": 15072,
    "sst_only": 1915,
    "direct_only": 1493,
    "total": 18480
  },
  "profiles": {
    "Both": {
      "desktop_pct": 68.24575371549894,
      "windows_pct": 51.43975583864119,
      "windows_and_desktop_pct": 51.43975583864119,
      "purchase_rate": 2.5809447983014864,
      "avg_engagement_sec": 130.2861662022293
    },
    "SST-only": {
      "desktop_pct": 80.6266318537859,
      "windows_pct": 68.35509138381201,
      "windows_and_desktop_pct": 68.35509138381201,
      "purchase_rate": 1.618798955613577,
      "avg_engagement_sec": 88.97043185378591
    },
    "Direct-only": {
      "desktop_pct": 83.72404554588077,
      "windows_pct": 71.73476222371065,
      "windows_and_desktop_pct": 71.73476222371065,
      "purchase_rate": 1.2056262558606832,
      "avg_engagement_sec": 61.31575686537173
    }
  },
  "date_start": "20260106",
  "date_end": "20260113"
}